"tissue","sample","individual","r","outlier"
"CRBLM","GSM401646","602",0.988363349657879,FALSE
"CRBLM","GSM401639","705",0.996683552463394,FALSE
"CRBLM","GSM401655","712",0.987037885735536,FALSE
"CRBLM","GSM401573","713",0.997547141673169,FALSE
"CRBLM","GSM401606","719",0.993162120130845,FALSE
"CRBLM","GSM401558","745",0.997547822824445,FALSE
"CRBLM","GSM401541","813",0.997084958958105,FALSE
"CRBLM","GSM401631","819",0.995129390375437,FALSE
"CRBLM","GSM401550","827",0.98556080660711,FALSE
"CRBLM","GSM401543","871",0.997390805252952,FALSE
"CRBLM","GSM401556","879",0.99767211153509,FALSE
"CRBLM","GSM401544","880",0.994163632640787,FALSE
"CRBLM","GSM401561","914",0.988259489040262,FALSE
"CRBLM","GSM401552","927",0.943348017327587,FALSE
"CRBLM","GSM401554","933",0.985525077615141,FALSE
"CRBLM","GSM401600","993",0.997682810499907,FALSE
"CRBLM","GSM401602","994",0.997302801710463,FALSE
"CRBLM","GSM401616","995",0.99272005138607,FALSE
"CRBLM","GSM401564","1028",0.927569065693668,FALSE
"CRBLM","GSM401598","1037",0.995614918834679,FALSE
"CRBLM","GSM401647","1064",0.985673231769676,FALSE
"CRBLM","GSM401611","1065",0.553626657491552,TRUE
"CRBLM","GSM401651","1078",0.988225852604791,FALSE
"CRBLM","GSM401548","1079",0.997066468128327,FALSE
"CRBLM","GSM401574","1105",0.997664245810548,FALSE
"CRBLM","GSM401643","1114",0.997178549164758,FALSE
"CRBLM","GSM401604","1133",0.986445942225055,FALSE
"CRBLM","GSM401638","1136",0.998045149581071,FALSE
"CRBLM","GSM401628","1158",0.996226958003761,FALSE
"CRBLM","GSM401549","1206",0.997201207748492,FALSE
"CRBLM","GSM401645","1209",0.986156962613259,FALSE
"CRBLM","GSM401578","1226",0.996875460711968,FALSE
"CRBLM","GSM401581","1230",0.975328412613426,FALSE
"CRBLM","GSM401603","1260",0.994650453469016,FALSE
"CRBLM","GSM401618","1344",0.986082497933884,FALSE
"CRBLM","GSM401568","1454",0.997199121846192,FALSE
"CRBLM","GSM401657","1486",0.986509039702158,FALSE
"CRBLM","GSM401644","1496",0.985851817157343,FALSE
"CRBLM","GSM401577","1498",0.963268392500617,FALSE
"CRBLM","GSM401579","1541",0.990345236783245,FALSE
"CRBLM","GSM401590","1545",0.996256844536354,FALSE
"CRBLM","GSM401609","1556",0.997286124337502,FALSE
"CRBLM","GSM401553","1568",0.987514552814959,FALSE
"CRBLM","GSM401586","1570",0.983277313248441,FALSE
"CRBLM","GSM401546","1571",0.98919557906023,FALSE
"CRBLM","GSM401575","1578",0.986389263687395,FALSE
"CRBLM","GSM401565","1579",0.997538547010672,FALSE
"CRBLM","GSM401605","1595",0.997410378175169,FALSE
"CRBLM","GSM401566","1603",0.988463934290527,FALSE
"CRBLM","GSM401622","1611",0.987737653925624,FALSE
"CRBLM","GSM401592","1612",0.985882289756528,FALSE
"CRBLM","GSM401624","1613",0.99655951551839,FALSE
"CRBLM","GSM401594","1614",0.993938191447462,FALSE
"CRBLM","GSM401652","1640",0.985405278013719,FALSE
"CRBLM","GSM401567","1648",0.997512009006705,FALSE
"CRBLM","GSM401596","1652",0.996318992607428,FALSE
"CRBLM","GSM401613","1668",0.996877492500269,FALSE
"CRBLM","GSM401607","1672",0.995550760357213,FALSE
"CRBLM","GSM401588","1710",0.995872192500256,FALSE
"CRBLM","GSM401615","1712",0.983891775074259,FALSE
"CRBLM","GSM401625","1713",0.997588177448601,FALSE
"CRBLM","GSM401619","1715",0.993903668207945,FALSE
"CRBLM","GSM401601","1775",0.996968975261931,FALSE
"CRBLM","GSM401576","1792",0.997003750628556,FALSE
"CRBLM","GSM401591","1795",0.996751901310977,FALSE
"CRBLM","GSM401580","1805",0.994597670912656,FALSE
"CRBLM","GSM401653","1825",0.99797980244164,FALSE
"CRBLM","GSM401640","1827",0.997441573020354,FALSE
"CRBLM","GSM401570","1830",0.993094616643682,FALSE
"CRBLM","GSM401547","1838",0.99541113441169,FALSE
"CRBLM","GSM401563","1839",0.953152409025982,FALSE
"CRBLM","GSM401584","1846",0.99750969698713,FALSE
"CRBLM","GSM401626","1847",0.997303395513549,FALSE
"CRBLM","GSM401623","1862",0.98639910005114,FALSE
"CRBLM","GSM401583","1865",0.990169183569923,FALSE
"CRBLM","GSM401620","1866",0.942641821041834,FALSE
"CRBLM","GSM401540","1867",0.996989977999657,FALSE
"CRBLM","GSM401569","1883",0.996787921227977,FALSE
"CRBLM","GSM401582","1889",0.997783749213139,FALSE
"CRBLM","GSM401610","1902",0.996890040837085,FALSE
"CRBLM","GSM401614","1903",0.997109762800344,FALSE
"CRBLM","GSM401636","1907",0.995790744490706,FALSE
"CRBLM","GSM401551","1909",0.996593686523793,FALSE
"CRBLM","GSM401648","1917",0.996677459021189,FALSE
"CRBLM","GSM401635","1924",0.908624388292474,FALSE
"CRBLM","GSM401593","1935",0.996617116402779,FALSE
"CRBLM","GSM401587","1936",0.986064175884458,FALSE
"CRBLM","GSM401634","1939",0.433210965210672,TRUE
"CRBLM","GSM401612","1940",0.987330412388885,FALSE
"CRBLM","GSM401632","1961",0.479880779956997,TRUE
"CRBLM","GSM401630","2000",0.775552461513994,TRUE
"CRBLM","GSM401560","2020",0.996046477118332,FALSE
"CRBLM","GSM401627","2037",0.997392457577757,FALSE
"CRBLM","GSM401650","2066",0.997680770728073,FALSE
"CRBLM","GSM401654","2069",0.987156662891998,FALSE
"CRBLM","GSM401649","2093",0.988098439234918,FALSE
"CRBLM","GSM401589","2102",0.986538876528215,FALSE
"CRBLM","GSM401633","4263",0.509853198218038,TRUE
"CRBLM","GSM401571","4540",0.986756011005747,FALSE
"CRBLM","GSM401597","4542",0.985484747058736,FALSE
"CRBLM","GSM401595","4543",0.995276842672053,FALSE
"CRBLM","GSM401658","4545",0.981856935330497,FALSE
"CRBLM","GSM401629","4549",0.995726580279413,FALSE
"CRBLM","GSM401572","4590",0.997271394395731,FALSE
"CRBLM","GSM401617","4593",0.996285693851193,FALSE
"CRBLM","GSM401656","4598",0.995453653521059,FALSE
"CRBLM","GSM401559","4636",0.996326341692843,FALSE
"CRBLM","GSM401545","4640",0.986560075375817,FALSE
"CRBLM","GSM401539","4725",0.997266213285644,FALSE
"CRBLM","GSM401608","4726",0.996035379324824,FALSE
"CRBLM","GSM401642","4729",0.996921145143776,FALSE
"CRBLM","GSM401555","4782",0.99769279666337,FALSE
"CRBLM","GSM401557","4786",0.982475200155755,FALSE
"CRBLM","GSM401542","4789",0.995601909610483,FALSE
"CRBLM","GSM401621","4841",0.994228033213505,FALSE
"CRBLM","GSM401585","4915",0.993061900731052,FALSE
"CRBLM","GSM401641","4916",0.939542286279226,FALSE
"CRBLM","GSM401538","5028",0.996309360748914,FALSE
"CRBLM","GSM401599","5078",0.996802501282907,FALSE
"CRBLM","GSM401562","5079",0.861076678805167,TRUE
"CRBLM","GSM401637","5081",0.996813282391975,FALSE
"FCTX","GSM401704","142",0.997717730493954,FALSE
"FCTX","GSM401710","384",0.997716030452533,FALSE
"FCTX","GSM401709","602",0.988485220016472,FALSE
"FCTX","GSM401683","710",0.983579393682864,FALSE
"FCTX","GSM401690","712",0.987512478954689,FALSE
"FCTX","GSM401674","713",0.998127418665921,FALSE
"FCTX","GSM401724","719",0.994964226855323,FALSE
"FCTX","GSM401662","813",0.997792635413661,FALSE
"FCTX","GSM401721","819",0.996567185971385,FALSE
"FCTX","GSM401682","827",0.983675615782853,FALSE
"FCTX","GSM401664","871",0.995540589357354,FALSE
"FCTX","GSM401672","879",0.997933482069098,FALSE
"FCTX","GSM401665","880",0.995173107332353,FALSE
"FCTX","GSM401719","914",0.985654445911929,FALSE
"FCTX","GSM401671","927",0.99802873731213,FALSE
"FCTX","GSM401687","933",0.977727255484874,FALSE
"FCTX","GSM401718","993",0.992573529295314,FALSE
"FCTX","GSM401720","994",0.997621295129663,FALSE
"FCTX","GSM401714","995",0.997605525778755,FALSE
"FCTX","GSM401715","1028",0.91659000472372,FALSE
"FCTX","GSM401716","1037",0.996386966585669,FALSE
"FCTX","GSM401744","1064",0.980589986811943,FALSE
"FCTX","GSM401723","1065",0.997175769456515,FALSE
"FCTX","GSM401666","1076",0.986594571032904,FALSE
"FCTX","GSM401669","1079",0.996268657679159,FALSE
"FCTX","GSM401697","1104",0.995299582474048,FALSE
"FCTX","GSM401692","1105",0.99765571334952,FALSE
"FCTX","GSM401693","1114",0.997834009235167,FALSE
"FCTX","GSM401722","1133",0.98357249036251,FALSE
"FCTX","GSM401699","1134",0.987123340098805,FALSE
"FCTX","GSM401695","1136",0.997668483884907,FALSE
"FCTX","GSM401758","1158",0.995792582904562,FALSE
"FCTX","GSM401762","1206",0.99761939339441,FALSE
"FCTX","GSM401707","1209",0.985589475081378,FALSE
"FCTX","GSM401705","1226",0.997859969968261,FALSE
"FCTX","GSM401753","1230",0.987620326233374,FALSE
"FCTX","GSM401791","1260",0.993560378538886,FALSE
"FCTX","GSM401712","1326",0.983522475268476,FALSE
"FCTX","GSM401756","1344",0.983402380721727,FALSE
"FCTX","GSM401759","1361",0.997490814109185,FALSE
"FCTX","GSM401779","1454",0.989560630397237,FALSE
"FCTX","GSM401700","1465",0.987167208991151,FALSE
"FCTX","GSM401694","1486",0.987292379695765,FALSE
"FCTX","GSM401790","1496",0.98306407842222,FALSE
"FCTX","GSM401747","1498",0.987758797741716,FALSE
"FCTX","GSM401711","1502",0.98627297498704,FALSE
"FCTX","GSM401741","1541",0.984894401587682,FALSE
"FCTX","GSM401786","1544",0.987785634124921,FALSE
"FCTX","GSM401738","1556",0.995447283085532,FALSE
"FCTX","GSM401685","1568",0.987004766467942,FALSE
"FCTX","GSM401725","1570",0.986623665088906,FALSE
"FCTX","GSM401667","1571",0.987836169854008,FALSE
"FCTX","GSM401681","1578",0.986166884835177,FALSE
"FCTX","GSM401680","1579",0.996698836856815,FALSE
"FCTX","GSM401770","1583",0.976623383474535,FALSE
"FCTX","GSM401743","1584",0.996988116994948,FALSE
"FCTX","GSM401736","1595",0.996893822168793,FALSE
"FCTX","GSM401740","1603",0.986574433131357,FALSE
"FCTX","GSM401765","1611",0.982725578074785,FALSE
"FCTX","GSM401734","1612",0.939401218853962,FALSE
"FCTX","GSM401764","1613",0.996948023127056,FALSE
"FCTX","GSM401726","1640",0.988149123496123,FALSE
"FCTX","GSM401717","1648",0.997589833407868,FALSE
"FCTX","GSM401676","1652",0.997858078370559,FALSE
"FCTX","GSM401731","1668",0.949180199191615,FALSE
"FCTX","GSM401775","1672",0.997169579152379,FALSE
"FCTX","GSM401729","1710",0.986917048441115,FALSE
"FCTX","GSM401733","1712",0.986140948023713,FALSE
"FCTX","GSM401755","1713",0.997401847346019,FALSE
"FCTX","GSM401763","1715",0.992534800443866,FALSE
"FCTX","GSM401778","1775",0.99680361481105,FALSE
"FCTX","GSM401784","1792",0.9978132914228,FALSE
"FCTX","GSM401776","1795",0.997040167218038,FALSE
"FCTX","GSM401737","1802",0.992505959483462,FALSE
"FCTX","GSM401742","1805",0.995538469347772,FALSE
"FCTX","GSM401782","1825",0.996378544267242,FALSE
"FCTX","GSM401691","1827",0.997244907839319,FALSE
"FCTX","GSM401780","1830",0.997504872345674,FALSE
"FCTX","GSM401771","1838",0.985834597750437,FALSE
"FCTX","GSM401732","1839",0.984151934788509,FALSE
"FCTX","GSM401752","1840",0.98621745033918,FALSE
"FCTX","GSM401754","1846",0.996528984268243,FALSE
"FCTX","GSM401749","1847",0.996928528575077,FALSE
"FCTX","GSM401748","1849",0.996403761934501,FALSE
"FCTX","GSM401751","1862",0.986518577293838,FALSE
"FCTX","GSM401757","1865",0.997729631027665,FALSE
"FCTX","GSM401745","1866",0.997089354222936,FALSE
"FCTX","GSM401661","1867",0.993669880510498,FALSE
"FCTX","GSM401783","1883",0.992288726575136,FALSE
"FCTX","GSM401766","1889",0.988864574170642,FALSE
"FCTX","GSM401728","1902",0.9978180499627,FALSE
"FCTX","GSM401679","1903",0.9976820257268,FALSE
"FCTX","GSM401769","1909",0.984815686166077,FALSE
"FCTX","GSM401684","1917",0.996966163445567,FALSE
"FCTX","GSM401739","1924",0.997020179792131,FALSE
"FCTX","GSM401773","1935",0.987697875610227,FALSE
"FCTX","GSM401772","1936",0.978381302109141,FALSE
"FCTX","GSM401735","1939",0.985840986112602,FALSE
"FCTX","GSM401677","1961",0.998042996861832,FALSE
"FCTX","GSM401777","2020",0.995909194180964,FALSE
"FCTX","GSM401688","2037",0.99057650841782,FALSE
"FCTX","GSM401785","2066",0.996657545468741,FALSE
"FCTX","GSM401727","2069",0.979564249506395,FALSE
"FCTX","GSM401781","2093",0.984833282266786,FALSE
"FCTX","GSM401768","2102",0.976778973903681,FALSE
"FCTX","GSM401678","4263",0.997071975263149,FALSE
"FCTX","GSM401788","4540",0.985262949925598,FALSE
"FCTX","GSM401668","4543",0.995817726099602,FALSE
"FCTX","GSM401686","4545",0.996616485037339,FALSE
"FCTX","GSM401689","4549",0.997246086023217,FALSE
"FCTX","GSM401787","4590",0.997503926661564,FALSE
"FCTX","GSM401767","4593",0.98970518312254,FALSE
"FCTX","GSM401789","4598",0.996316336528819,FALSE
"FCTX","GSM401760","4636",0.998161847801099,FALSE
"FCTX","GSM401670","4640",0.984710108298424,FALSE
"FCTX","GSM401660","4725",0.998129778102121,FALSE
"FCTX","GSM401761","4726",0.997783425313281,FALSE
"FCTX","GSM401696","4727",0.996147711550339,FALSE
"FCTX","GSM401713","4729",0.997995923184419,FALSE
"FCTX","GSM401675","4782",0.99662177847915,FALSE
"FCTX","GSM401708","4786",0.988022214942562,FALSE
"FCTX","GSM401698","4788",0.984901163742743,FALSE
"FCTX","GSM401663","4789",0.996749781012848,FALSE
"FCTX","GSM401774","4841",0.989648038886149,FALSE
"FCTX","GSM401746","4915",0.986181078503974,FALSE
"FCTX","GSM401750","4916",0.997966130479836,FALSE
"FCTX","GSM401706","4924",0.996808263065741,FALSE
"FCTX","GSM401702","5024",0.985553474083869,FALSE
"FCTX","GSM401659","5028",0.997774753927643,FALSE
"FCTX","GSM401730","5079",0.994937448990868,FALSE
"FCTX","GSM401673","5081",0.997754768595654,FALSE
"FCTX","GSM401701","5086",0.998092611740775,FALSE
"FCTX","GSM401703","5087",0.99802293573951,FALSE
"PONS","GSM401838","384",0.996966497428592,FALSE
"PONS","GSM401849","602",0.97642042474276,FALSE
"PONS","GSM401842","604",0.996542779718525,FALSE
"PONS","GSM401840","705",0.997061320918854,FALSE
"PONS","GSM401919","710",0.986151544738203,FALSE
"PONS","GSM401923","712",0.985517779287555,FALSE
"PONS","GSM401876","719",0.985073598161396,FALSE
"PONS","GSM401879","745",0.983192589652451,FALSE
"PONS","GSM401809","813",0.996600077782726,FALSE
"PONS","GSM401875","819",0.982036344887601,FALSE
"PONS","GSM401820","827",0.986255294465595,FALSE
"PONS","GSM401811","871",0.997889080270749,FALSE
"PONS","GSM401921","879",0.997057595706515,FALSE
"PONS","GSM401812","880",0.996849005751138,FALSE
"PONS","GSM401874","914",0.978664179908813,FALSE
"PONS","GSM401887","927",0.997299115289162,FALSE
"PONS","GSM401822","933",0.988028240976374,FALSE
"PONS","GSM401872","993",0.980161244971762,FALSE
"PONS","GSM401873","994",0.991841611476956,FALSE
"PONS","GSM401851","995",0.99674760217181,FALSE
"PONS","GSM401901","1028",0.985510238629111,FALSE
"PONS","GSM401870","1037",0.977070618367859,FALSE
"PONS","GSM401836","1064",0.978392902924815,FALSE
"PONS","GSM401877","1065",0.983806746072143,FALSE
"PONS","GSM401813","1076",0.987737209681745,FALSE
"PONS","GSM401816","1079",0.996274341183335,FALSE
"PONS","GSM401831","1104",0.997745892762535,FALSE
"PONS","GSM401852","1105",0.996754727227732,FALSE
"PONS","GSM401833","1114",0.994238379025398,FALSE
"PONS","GSM401832","1134",0.997203008329596,FALSE
"PONS","GSM401835","1136",0.99667649069447,FALSE
"PONS","GSM401882","1158",0.99534394120627,FALSE
"PONS","GSM401818","1206",0.996051307982318,FALSE
"PONS","GSM401834","1209",0.981749766786705,FALSE
"PONS","GSM401850","1226",0.995620388822454,FALSE
"PONS","GSM401844","1326",0.98691822639747,FALSE
"PONS","GSM401868","1344",0.981626865233776,FALSE
"PONS","GSM401862","1361",0.997211471663785,FALSE
"PONS","GSM401848","1454",0.995165797587862,FALSE
"PONS","GSM401924","1496",0.985271950140321,FALSE
"PONS","GSM401859","1498",0.986478665900935,FALSE
"PONS","GSM401847","1502",0.986763428732643,FALSE
"PONS","GSM401863","1541",0.99740097984363,FALSE
"PONS","GSM401916","1544",0.988282230846057,FALSE
"PONS","GSM401897","1545",0.99725835472095,FALSE
"PONS","GSM401808","1556",0.997499737227481,FALSE
"PONS","GSM401819","1568",0.98825618328728,FALSE
"PONS","GSM401853","1570",0.918852744261739,FALSE
"PONS","GSM401814","1571",0.989117699990993,FALSE
"PONS","GSM401821","1578",0.987537108757068,FALSE
"PONS","GSM401930","1579",0.996772351524392,FALSE
"PONS","GSM401883","1583",0.98527587835467,FALSE
"PONS","GSM401856","1584",0.996720110938996,FALSE
"PONS","GSM401829","1595",0.997275919533065,FALSE
"PONS","GSM401861","1603",0.988548455290045,FALSE
"PONS","GSM401886","1611",0.988127666141135,FALSE
"PONS","GSM401854","1612",0.954653723198774,FALSE
"PONS","GSM401896","1614",0.998331750899446,FALSE
"PONS","GSM401922","1640",0.987400593081836,FALSE
"PONS","GSM401913","1648",0.997022247174444,FALSE
"PONS","GSM401824","1652",0.996178738924038,FALSE
"PONS","GSM401912","1668",0.987087670496903,FALSE
"PONS","GSM401907","1672",0.996055527873014,FALSE
"PONS","GSM401905","1710",0.997797409371086,FALSE
"PONS","GSM401909","1712",0.964786244079755,FALSE
"PONS","GSM401885","1713",0.996796843459195,FALSE
"PONS","GSM401827","1775",0.997833983103275,FALSE
"PONS","GSM401918","1792",0.996978696448862,FALSE
"PONS","GSM401865","1805",0.996851655673433,FALSE
"PONS","GSM401926","1825",0.996996878215735,FALSE
"PONS","GSM401920","1827",0.996255264052303,FALSE
"PONS","GSM401846","1830",0.99313410272643,FALSE
"PONS","GSM401817","1838",0.994489979358084,FALSE
"PONS","GSM401855","1839",0.933118173572124,FALSE
"PONS","GSM401860","1840",0.986618194862784,FALSE
"PONS","GSM401866","1846",0.995236671940483,FALSE
"PONS","GSM401888","1847",0.994290231385071,FALSE
"PONS","GSM401881","1849",0.996380272017552,FALSE
"PONS","GSM401867","1862",0.985635647953966,FALSE
"PONS","GSM401858","1865",0.996776544256144,FALSE
"PONS","GSM401857","1866",0.996951775910974,FALSE
"PONS","GSM401929","1883",0.996078260419196,FALSE
"PONS","GSM401900","1889",0.997267464114933,FALSE
"PONS","GSM401826","1902",0.997901806281533,FALSE
"PONS","GSM401890","1903",0.995439118521688,FALSE
"PONS","GSM401895","1909",0.995590170547762,FALSE
"PONS","GSM401925","1917",0.997121095167802,FALSE
"PONS","GSM401902","1924",0.99772040616603,FALSE
"PONS","GSM401894","1936",0.984947463594329,FALSE
"PONS","GSM401891","1939",0.981405596823925,FALSE
"PONS","GSM401889","1940",0.986844058554626,FALSE
"PONS","GSM401908","1961",0.99601140391367,FALSE
"PONS","GSM401911","2000",0.995769594371254,FALSE
"PONS","GSM401893","2020",0.997282128075508,FALSE
"PONS","GSM401927","2037",0.995919657510733,FALSE
"PONS","GSM401880","2066",0.997455349022901,FALSE
"PONS","GSM401917","2069",0.98745970279879,FALSE
"PONS","GSM401915","2093",0.988191972484827,FALSE
"PONS","GSM401906","2102",0.986930092985922,FALSE
"PONS","GSM401904","4263",0.996294470767574,FALSE
"PONS","GSM401892","4542",0.994693205872465,FALSE
"PONS","GSM401815","4543",0.997248287426311,FALSE
"PONS","GSM401871","4545",0.984723718990944,FALSE
"PONS","GSM401899","4549",0.994228343930399,FALSE
"PONS","GSM401928","4590",0.993190192059213,FALSE
"PONS","GSM401910","4593",0.994459940702433,FALSE
"PONS","GSM401914","4598",0.997662359268885,FALSE
"PONS","GSM401898","4636",0.996761539595692,FALSE
"PONS","GSM401864","4640",0.983142976348885,FALSE
"PONS","GSM401807","4725",0.996932549344636,FALSE
"PONS","GSM401878","4726",0.988777568278605,FALSE
"PONS","GSM401828","4727",0.995792319346963,FALSE
"PONS","GSM401839","4729",0.996535560060715,FALSE
"PONS","GSM401837","4782",0.996927800944221,FALSE
"PONS","GSM401825","4786",0.987652598680043,FALSE
"PONS","GSM401830","4788",0.987947031166801,FALSE
"PONS","GSM401810","4789",0.997326992654282,FALSE
"PONS","GSM401869","4841",0.996748592450717,FALSE
"PONS","GSM401884","4915",0.995615607134447,FALSE
"PONS","GSM401843","4924",0.994094855332819,FALSE
"PONS","GSM401806","5028",0.997893285657036,FALSE
"PONS","GSM401903","5079",0.996383483476602,FALSE
"PONS","GSM401823","5081",0.994976708834814,FALSE
"PONS","GSM401845","5086",0.996243882182029,FALSE
"PONS","GSM401841","5087",0.995595216901289,FALSE
"TCTX","GSM401955","142",0.99624038965503,FALSE
"TCTX","GSM401973","602",0.988890959525754,FALSE
"TCTX","GSM401957","604",0.997591663924176,FALSE
"TCTX","GSM401968","705",0.997680867367497,FALSE
"TCTX","GSM402049","710",0.985641711286906,FALSE
"TCTX","GSM402012","719",0.997645045203484,FALSE
"TCTX","GSM401948","745",0.997713476126754,FALSE
"TCTX","GSM402043","813",0.996790496658258,FALSE
"TCTX","GSM402005","819",0.993417738674652,FALSE
"TCTX","GSM401934","827",0.986202494305518,FALSE
"TCTX","GSM401936","871",0.990773022613889,FALSE
"TCTX","GSM402050","879",0.997887200747046,FALSE
"TCTX","GSM401937","880",0.997430406570458,FALSE
"TCTX","GSM402007","914",0.987935947398444,FALSE
"TCTX","GSM402048","927",0.998159163675292,FALSE
"TCTX","GSM402051","933",0.987571650044411,FALSE
"TCTX","GSM402006","993",0.997304803683363,FALSE
"TCTX","GSM402008","994",0.996231645453091,FALSE
"TCTX","GSM401970","995",0.996519078179357,FALSE
"TCTX","GSM402026","1028",0.981341007622111,FALSE
"TCTX","GSM402002","1037",0.995691680249405,FALSE
"TCTX","GSM401954","1064",0.982933281950411,FALSE
"TCTX","GSM402004","1065",0.994845871033711,FALSE
"TCTX","GSM401938","1076",0.987420750247433,FALSE
"TCTX","GSM401941","1079",0.997711113560113,FALSE
"TCTX","GSM401962","1104",0.997422189482451,FALSE
"TCTX","GSM401964","1105",0.997560506683807,FALSE
"TCTX","GSM401960","1114",0.99397367556442,FALSE
"TCTX","GSM402010","1133",0.988182356185956,FALSE
"TCTX","GSM401975","1134",0.994018280112432,FALSE
"TCTX","GSM402029","1136",0.970017537490401,FALSE
"TCTX","GSM401999","1158",0.997789218899589,FALSE
"TCTX","GSM401943","1206",0.997060511651794,FALSE
"TCTX","GSM401967","1209",0.987587377939856,FALSE
"TCTX","GSM401958","1226",0.99589739819847,FALSE
"TCTX","GSM401986","1230",0.986935929699088,FALSE
"TCTX","GSM402009","1260",0.994307971292062,FALSE
"TCTX","GSM401965","1326",0.988590839253174,FALSE
"TCTX","GSM401985","1344",0.98389128726939,FALSE
"TCTX","GSM401979","1361",0.989593468160133,FALSE
"TCTX","GSM402031","1454",0.99816104022092,FALSE
"TCTX","GSM402030","1465",0.987124887866786,FALSE
"TCTX","GSM402035","1486",0.98751864599143,FALSE
"TCTX","GSM402034","1496",0.985470012245763,FALSE
"TCTX","GSM401983","1498",0.986572945542074,FALSE
"TCTX","GSM402057","1502",0.983444660089146,FALSE
"TCTX","GSM401984","1541",0.996703459841932,FALSE
"TCTX","GSM402042","1544",0.985534655176567,FALSE
"TCTX","GSM402016","1545",0.997239255905889,FALSE
"TCTX","GSM402020","1556",0.989679457592324,FALSE
"TCTX","GSM401946","1568",0.986675194554016,FALSE
"TCTX","GSM402014","1570",0.984968252059221,FALSE
"TCTX","GSM401939","1571",0.988700319776316,FALSE
"TCTX","GSM402056","1578",0.974628036481456,FALSE
"TCTX","GSM402052","1579",0.996561705275274,FALSE
"TCTX","GSM401990","1583",0.985686617879349,FALSE
"TCTX","GSM402028","1584",0.990244469915717,FALSE
"TCTX","GSM401976","1595",0.949181463522921,FALSE
"TCTX","GSM402033","1603",0.985883864882935,FALSE
"TCTX","GSM401992","1611",0.985708421786357,FALSE
"TCTX","GSM402013","1612",0.986829797537155,FALSE
"TCTX","GSM401998","1613",0.997259987106574,FALSE
"TCTX","GSM402011","1614",0.994763453622806,FALSE
"TCTX","GSM402039","1640",0.984989193195395,FALSE
"TCTX","GSM402036","1648",0.990084514697724,FALSE
"TCTX","GSM401945","1652",0.997149029642708,FALSE
"TCTX","GSM401982","1668",0.995437205075259,FALSE
"TCTX","GSM401981","1713",0.997954099761726,FALSE
"TCTX","GSM401995","1715",0.997427114716277,FALSE
"TCTX","GSM402046","1775",0.99618540712626,FALSE
"TCTX","GSM402055","1792",0.997448423659687,FALSE
"TCTX","GSM402021","1795",0.991227513142049,FALSE
"TCTX","GSM401997","1805",0.997207044958804,FALSE
"TCTX","GSM402053","1825",0.99800703348592,FALSE
"TCTX","GSM401971","1827",0.997955340245912,FALSE
"TCTX","GSM401956","1830",0.996489835887741,FALSE
"TCTX","GSM401942","1838",0.997715579929369,FALSE
"TCTX","GSM402022","1839",0.988082129589944,FALSE
"TCTX","GSM401977","1840",0.987251040508697,FALSE
"TCTX","GSM401980","1846",0.996697116108065,FALSE
"TCTX","GSM402000","1847",0.997072271827703,FALSE
"TCTX","GSM401987","1849",0.996764552884968,FALSE
"TCTX","GSM401994","1862",0.986916505780738,FALSE
"TCTX","GSM401993","1865",0.997026461066784,FALSE
"TCTX","GSM401991","1866",0.996389595695301,FALSE
"TCTX","GSM401933","1867",0.997610282190223,FALSE
"TCTX","GSM402045","1883",0.997634131214782,FALSE
"TCTX","GSM402023","1902",0.997900013253325,FALSE
"TCTX","GSM401978","1903",0.997696419643658,FALSE
"TCTX","GSM401944","1909",0.997668595918163,FALSE
"TCTX","GSM401953","1917",0.988608371247302,FALSE
"TCTX","GSM402025","1924",0.995374740521326,FALSE
"TCTX","GSM402018","1936",0.987818550262878,FALSE
"TCTX","GSM402027","1939",0.982167845688784,FALSE
"TCTX","GSM401989","1940",0.98729703189111,FALSE
"TCTX","GSM401988","2020",0.992794764949844,FALSE
"TCTX","GSM402037","2037",0.997642595216444,FALSE
"TCTX","GSM402054","2066",0.993287764964717,FALSE
"TCTX","GSM402041","2069",0.983446027390262,FALSE
"TCTX","GSM402032","2093",0.988705881642148,FALSE
"TCTX","GSM401947","2102",0.987945916474782,FALSE
"TCTX","GSM402019","4263",0.997198248151607,FALSE
"TCTX","GSM402038","4540",0.985965811193274,FALSE
"TCTX","GSM402024","4542",0.997486824677995,FALSE
"TCTX","GSM402017","4543",0.996347731426164,FALSE
"TCTX","GSM402047","4545",0.997180671103194,FALSE
"TCTX","GSM401974","4549",0.998375252123304,FALSE
"TCTX","GSM402044","4590",0.996821109124004,FALSE
"TCTX","GSM402015","4593",0.995960839977031,FALSE
"TCTX","GSM402040","4598",0.990143496310053,FALSE
"TCTX","GSM401940","4640",0.982281027373919,FALSE
"TCTX","GSM401932","4725",0.996396387069759,FALSE
"TCTX","GSM402003","4726",0.986492348201657,FALSE
"TCTX","GSM401951","4727",0.997610756645622,FALSE
"TCTX","GSM401950","4729",0.997512778985397,FALSE
"TCTX","GSM401972","4782",0.996136798678806,FALSE
"TCTX","GSM401952","4786",0.987957144240877,FALSE
"TCTX","GSM401966","4788",0.987125710892484,FALSE
"TCTX","GSM401935","4789",0.996876465634461,FALSE
"TCTX","GSM401996","4841",0.9887268257537,FALSE
"TCTX","GSM402001","4915",0.99671610525603,FALSE
"TCTX","GSM401969","4924",0.997004007709063,FALSE
"TCTX","GSM401959","5024",0.985539441159089,FALSE
"TCTX","GSM401931","5028",0.997843925709489,FALSE
"TCTX","GSM401963","5081",0.996964464826828,FALSE
"TCTX","GSM401949","5086",0.99738782350542,FALSE
"TCTX","GSM401961","5087",0.997343114021063,FALSE
