"tissue","sample","individual","cor","dev","outlier"
"CRBLM","GSM401634","1939",0.439383558303952,2684.86916309934,TRUE
"CRBLM","GSM401632","1961",0.483820846456992,2576.58132617955,TRUE
"CRBLM","GSM401633","4263",0.511706606846514,2536.37360648245,TRUE
"CRBLM","GSM401611","1065",0.55691724081373,2211.84295136599,TRUE
"CRBLM","GSM401630","2000",0.777562708336884,1574.96849255036,TRUE
"CRBLM","GSM401562","5079",0.862736843151127,931.938396318529,TRUE
"CRBLM","GSM401635","1924",0.91040057588424,758.230434643467,TRUE
"FCTX","GSM401715","1028",0.928556039023658,539.630310740049,FALSE
"PONS","GSM401853","1570",0.929404768752151,530.150747789797,FALSE
"CRBLM","GSM401564","1028",0.938396031940033,504.161251472501,FALSE
"PONS","GSM401855","1839",0.943582472871987,438.172635039755,FALSE
"TCTX","GSM401976","1595",0.950330608970643,403.563915844323,FALSE
"CRBLM","GSM401641","4916",0.938475971943487,397.783882472404,FALSE
"CRBLM","GSM401552","927",0.942261202477272,357.361070661983,FALSE
"CRBLM","GSM401563","1839",0.962041195271523,339.017536642878,FALSE
"FCTX","GSM401731","1668",0.948406016715569,337.231041815289,FALSE
"FCTX","GSM401734","1612",0.948791577627933,331.907258033526,FALSE
"PONS","GSM401854","1612",0.964786698657591,323.700238252379,FALSE
"CRBLM","GSM401620","1866",0.951235044048566,306.667359458056,FALSE
"CRBLM","GSM401577","1498",0.971152416170951,227.376322842947,FALSE
"TCTX","GSM402029","1136",0.970039301639401,193.167996563887,FALSE
"PONS","GSM401870","1037",0.976977039402282,158.53696702208,FALSE
"PONS","GSM401872","993",0.980070619890323,130.713025506027,FALSE
"FCTX","GSM401741","1541",0.985212940524393,129.175493165432,FALSE
"CRBLM","GSM401581","1230",0.983279462020653,124.502959533195,FALSE
"PONS","GSM401909","1712",0.979803277557675,123.293141698568,FALSE
"PONS","GSM401875","819",0.982158036699324,118.969700076529,FALSE
"CRBLM","GSM401658","4545",0.981539449961943,116.631121338618,FALSE
"PONS","GSM401879","745",0.982970821831598,110.168929106235,FALSE
"FCTX","GSM401771","1838",0.985654054008889,109.132602053443,FALSE
"CRBLM","GSM401597","4542",0.985704434143253,108.959487950963,FALSE
"PONS","GSM401877","1065",0.98364956852979,106.280477978375,FALSE
"FCTX","GSM401769","1909",0.984687897433225,103.657785524024,FALSE
"TCTX","GSM402056","1578",0.984527109608138,98.9789857046796,FALSE
"PONS","GSM401871","4545",0.984514996316939,95.9523752319964,FALSE
"PONS","GSM401876","719",0.984936887458027,95.7257825553105,FALSE
"PONS","GSM401849","602",0.984750502610339,93.3783401889986,FALSE
"CRBLM","GSM401557","4786",0.990584682741227,91.8261782562351,FALSE
"FCTX","GSM401729","1710",0.986869144710937,90.8704436772924,FALSE
"FCTX","GSM401746","4915",0.98596144424442,89.5820450715687,FALSE
"TCTX","GSM402003","4726",0.986296116915465,89.4171221070829,FALSE
"FCTX","GSM401699","1134",0.986879001176491,82.8401710703741,FALSE
"FCTX","GSM401773","1935",0.987497737869908,80.5733870619627,FALSE
"TCTX","GSM402020","1556",0.98992000004127,79.6403036177016,FALSE
"PONS","GSM401912","1668",0.986982510482768,79.4818805330963,FALSE
"FCTX","GSM401687","933",0.987756197274892,79.4689103785803,FALSE
"CRBLM","GSM401583","1865",0.990353899558337,77.8213532532078,FALSE
"FCTX","GSM401770","1583",0.989242991267911,75.6337626916906,FALSE
"PONS","GSM401874","914",0.988335472173499,75.2901908270935,FALSE
"PONS","GSM401878","4726",0.988715392324156,75.1001800443575,FALSE
"TCTX","GSM401953","1917",0.988426933608612,72.2254533806645,FALSE
"TCTX","GSM401996","4841",0.988628586399783,71.8867372825548,FALSE
"FCTX","GSM401766","1889",0.988729485192418,71.749315929199,FALSE
"CRBLM","GSM401579","1541",0.990490721948148,71.0172719048238,FALSE
"FCTX","GSM401767","4593",0.989491489527452,70.5908858945313,FALSE
"FCTX","GSM401774","4841",0.989594420582546,69.827304619482,FALSE
"FCTX","GSM401779","1454",0.989401519781945,69.6957454480587,FALSE
"FCTX","GSM401768","2102",0.98975054360523,68.0741332412462,FALSE
"TCTX","GSM401979","1361",0.989517358794115,67.6635854365625,FALSE
"TCTX","GSM402040","4598",0.990066661633485,65.6088123481565,FALSE
"PONS","GSM401836","1064",0.98969633350968,64.6130469522062,FALSE
"TCTX","GSM402036","1648",0.990038414486528,64.0931187841741,FALSE
"FCTX","GSM401772","1936",0.990991905322377,63.8491824780001,FALSE
"FCTX","GSM401688","2037",0.990485790699894,62.8917208991583,FALSE
"TCTX","GSM402021","1795",0.991386592700841,62.4393533964905,FALSE
"TCTX","GSM402028","1584",0.990110979137162,62.2439815246696,FALSE
"FCTX","GSM401727","2069",0.990434227207946,61.4813121134368,FALSE
"TCTX","GSM401936","871",0.99062962917598,58.5979724631037,FALSE
"PONS","GSM401873","994",0.991756977955029,53.8863176959191,FALSE
"FCTX","GSM401744","1064",0.991701803805098,52.3834561023765,FALSE
"CRBLM","GSM401585","4915",0.993166124875298,52.0954743643159,FALSE
"FCTX","GSM401737","1802",0.992438701785334,50.9676178603547,FALSE
"TCTX","GSM402057","1502",0.992929563813534,50.2358776278196,FALSE
"CRBLM","GSM401606","719",0.993182752124768,50.212803883632,FALSE
"FCTX","GSM401783","1883",0.992140527828425,50.0825774437067,FALSE
"CRBLM","GSM401616","995",0.992814540855722,49.5141614005148,FALSE
"PONS","GSM401834","1209",0.992518035015209,48.4081224954347,FALSE
"FCTX","GSM401763","1715",0.992411366055243,47.8958954977189,FALSE
"TCTX","GSM401988","2020",0.992745128696755,47.6114577629939,FALSE
"FCTX","GSM401718","993",0.992501572180511,47.2081842150157,FALSE
"TCTX","GSM402041","2069",0.992959465410367,46.9630389381478,FALSE
"FCTX","GSM401719","914",0.994112469914754,46.8393242369363,FALSE
"CRBLM","GSM401619","1715",0.993964501129452,46.7321191357846,FALSE
"PONS","GSM401817","1838",0.994493293405689,46.6230106471964,FALSE
"PONS","GSM401846","1830",0.993089680633995,44.362149762429,FALSE
"CRBLM","GSM401570","1830",0.993001207195097,44.1835420058991,FALSE
"PONS","GSM401888","1847",0.994352973136329,43.6084077160031,FALSE
"PONS","GSM401928","4590",0.993246453904366,43.481333280386,FALSE
"FCTX","GSM401712","1326",0.99349689609873,43.2822572708834,FALSE
"CRBLM","GSM401621","4841",0.994312808289099,43.1942863390015,FALSE
"PONS","GSM401868","1344",0.99294834883965,42.9577342632816,FALSE
"FCTX","GSM401791","1260",0.993470034068212,42.8994605233073,FALSE
"TCTX","GSM402054","2066",0.993181494957156,42.6116058574861,FALSE
"PONS","GSM401892","4542",0.994641075321138,42.014176051859,FALSE
"CRBLM","GSM401594","1614",0.993857084765705,41.6486300410476,FALSE
"FCTX","GSM401765","1611",0.993374191410765,41.5981206036967,FALSE
"TCTX","GSM401940","4640",0.993423706185755,41.456295034992,FALSE
"TCTX","GSM402005","819",0.993699412017588,39.9159030900534,FALSE
"FCTX","GSM401661","1867",0.99365402291557,39.8174314263358,FALSE
"TCTX","GSM402026","1028",0.994202485951828,39.7096994735911,FALSE
"CRBLM","GSM401544","880",0.994115518372563,39.6411028953111,FALSE
"TCTX","GSM401954","1064",0.993707069184008,39.536616750956,FALSE
"TCTX","GSM401960","1114",0.993882042438776,38.7657572934978,FALSE
"PONS","GSM401910","4593",0.994400393504312,38.3857443646855,FALSE
"FCTX","GSM401722","1133",0.994103079140111,38.2618428564033,FALSE
"FCTX","GSM401665","880",0.995239754707193,38.1662058821366,FALSE
"PONS","GSM401843","4924",0.99403166584595,37.9716442496256,FALSE
"TCTX","GSM401975","1134",0.994076265530189,37.8644156297667,FALSE
"FCTX","GSM401732","1839",0.994333139836884,37.8549872971076,FALSE
"TCTX","GSM402011","1614",0.994673623171376,37.5730041111041,FALSE
"PONS","GSM401899","4549",0.994258107661499,37.3395349060696,FALSE
"TCTX","GSM402009","1260",0.994218610540994,37.0405309265189,FALSE
"CRBLM","GSM401580","1805",0.994662140033646,37.0181294435462,FALSE
"PONS","GSM401833","1114",0.994150793681741,36.1838313721058,FALSE
"FCTX","GSM401781","2093",0.994581207444323,35.8253799765881,FALSE
"TCTX","GSM402042","1544",0.99452381468119,35.631592607848,FALSE
"FCTX","GSM401724","719",0.994893632711819,35.0667667034294,FALSE
"CRBLM","GSM401603","1260",0.994611016452513,34.8888024990154,FALSE
"CRBLM","GSM401547","1838",0.995486945196552,34.371364575335,FALSE
"FCTX","GSM401730","5079",0.994857953237367,33.4367844294665,FALSE
"PONS","GSM401895","1909",0.995569547641053,33.1877082638259,FALSE
"FCTX","GSM401698","4788",0.99478699377949,32.8575984958414,FALSE
"TCTX","GSM402004","1065",0.994763014140178,32.8376534134792,FALSE
"FCTX","GSM401707","1209",0.995454385607034,32.8358433455775,FALSE
"PONS","GSM401891","1939",0.995332784137441,32.6406200031788,FALSE
"TCTX","GSM402039","1640",0.994904369822274,31.9751220084756,FALSE
"PONS","GSM401864","4640",0.994849022793836,31.5935889036768,FALSE
"CRBLM","GSM401636","1907",0.995745568303355,31.5524478872604,FALSE
"FCTX","GSM401752","1840",0.995533568806466,31.5352615412384,FALSE
"CRBLM","GSM401652","1640",0.995570605992329,31.5251736999203,FALSE
"PONS","GSM401923","712",0.995126016793404,31.3235139821407,FALSE
"PONS","GSM401823","5081",0.994917841880031,31.2977242900841,FALSE
"PONS","GSM401890","1903",0.995384317910217,31.2610179340785,FALSE
"PONS","GSM401841","5087",0.995572204184994,31.2435920170358,FALSE
"FCTX","GSM401756","1344",0.995064230011956,30.9673752649251,FALSE
"CRBLM","GSM401595","4543",0.995196948446751,30.9456225298826,FALSE
"PONS","GSM401882","1158",0.9953090329338,30.9128576917372,FALSE
"TCTX","GSM402027","1939",0.996097697660003,30.9038025265507,FALSE
"CRBLM","GSM401623","1862",0.99540106074688,30.7189902783043,FALSE
"CRBLM","GSM401631","819",0.995395806897191,30.5729240005228,FALSE
"FCTX","GSM401697","1104",0.99523664971751,30.4612634615739,FALSE
"TCTX","GSM401982","1668",0.995460178624242,30.0804676405925,FALSE
"PONS","GSM401848","1454",0.995111363112284,30.0185432805256,FALSE
"PONS","GSM401866","1846",0.995179236678405,29.9999749032325,FALSE
"FCTX","GSM401738","1556",0.995410762550166,29.9844690647068,FALSE
"CRBLM","GSM401542","4789",0.995539375751381,29.9365397215892,FALSE
"FCTX","GSM401790","1496",0.995455440166347,29.8389505289181,FALSE
"PONS","GSM401894","1936",0.996172493808253,29.8294754203305,FALSE
"CRBLM","GSM401588","1710",0.995809938736792,29.8211830168503,FALSE
"FCTX","GSM401690","712",0.995789201292415,29.6527559347992,FALSE
"FCTX","GSM401696","4727",0.996151772472543,29.2885094783235,FALSE
"TCTX","GSM402014","1570",0.99554355597685,29.2692025306361,FALSE
"CRBLM","GSM401607","1672",0.995512730796114,29.2615973556001,FALSE
"TCTX","GSM402025","1924",0.99536605795713,29.2476148442914,FALSE
"FCTX","GSM401664","871",0.995463676395561,29.2372583134133,FALSE
"FCTX","GSM401683","710",0.995430803693377,29.1280251739956,FALSE
"CRBLM","GSM401656","4598",0.9954339247114,29.048931747547,FALSE
"CRBLM","GSM401598","1037",0.995568488263685,28.8059031401998,FALSE
"TCTX","GSM402002","1037",0.995671509940736,28.5774227227026,FALSE
"FCTX","GSM401682","827",0.995519040379392,28.5305379341988,FALSE
"FCTX","GSM401777","2020",0.99587048102116,28.3158004909767,FALSE
"PONS","GSM401850","1226",0.995653937427843,27.9911755682593,FALSE
"FCTX","GSM401742","1805",0.995610814913162,27.9590686149142,FALSE
"PONS","GSM401911","2000",0.995731681773546,27.9123362035395,FALSE
"FCTX","GSM401758","1158",0.995775809379601,27.6846876545013,FALSE
"CRBLM","GSM401629","4549",0.99571228932917,27.495533327586,FALSE
"TCTX","GSM402034","1496",0.996099101588604,27.4321237975237,FALSE
"FCTX","GSM401788","4540",0.995717773472397,27.4062540104951,FALSE
"PONS","GSM401884","4915",0.99562409072562,26.7913262188048,FALSE
"FCTX","GSM401782","1825",0.996380442729489,26.7855323038996,FALSE
"TCTX","GSM401985","1344",0.995772625248577,26.753060095385,FALSE
"FCTX","GSM401668","4543",0.995755284759562,26.7057375425586,FALSE
"PONS","GSM401927","2037",0.995919151161815,26.6094654307566,FALSE
"PONS","GSM401824","1652",0.996172947794389,26.5482391188777,FALSE
"PONS","GSM401828","4727",0.99575125811974,26.5378322575533,FALSE
"PONS","GSM401859","1498",0.995778699095683,26.4614428462906,FALSE
"TCTX","GSM402015","4593",0.99589515595375,26.3554573136511,FALSE
"FCTX","GSM401716","1037",0.996347700860359,26.3179371262889,FALSE
"CRBLM","GSM401586","1570",0.995914299632488,26.2470622639674,FALSE
"CRBLM","GSM401608","4726",0.995996022356007,26.2292361329272,FALSE
"PONS","GSM401818","1206",0.995974321488242,26.1743323984428,FALSE
"TCTX","GSM402046","1775",0.996357160270455,25.9984817068097,FALSE
"FCTX","GSM401670","4640",0.995918005728049,25.9082397201575,FALSE
"PONS","GSM401908","1961",0.995955944401117,25.8540036928528,FALSE
"TCTX","GSM401958","1226",0.995896555073661,25.7119450410177,FALSE
"CRBLM","GSM401554","933",0.996036515925927,25.6413675669615,FALSE
"CRBLM","GSM401617","4593",0.996248190409668,25.5533936713156,FALSE
"CRBLM","GSM401560","2020",0.996005304451655,25.4239546143787,FALSE
"FCTX","GSM401789","4598",0.996307996629523,25.3533685929249,FALSE
"TCTX","GSM401992","1611",0.996058547133718,25.3184881027731,FALSE
"FCTX","GSM401702","5024",0.996076952640019,25.2360001539246,FALSE
"PONS","GSM401907","1672",0.996010243493939,25.1233989824171,FALSE
"TCTX","GSM401990","1583",0.996156000566601,24.8891896790404,FALSE
"TCTX","GSM402017","4543",0.996301605014555,24.5338344643708,FALSE
"PONS","GSM401904","4263",0.996396786391303,24.427119042354,FALSE
"FCTX","GSM401785","2066",0.996609395602838,24.4199523905447,FALSE
"TCTX","GSM401989","1940",0.996332651883227,24.392676338754,FALSE
"PONS","GSM401929","1883",0.996049082534289,24.390729514276,FALSE
"CRBLM","GSM401576","1792",0.996982822575888,24.3139177220661,FALSE
"TCTX","GSM401955","142",0.996199109420792,24.3002445255276,FALSE
"CRBLM","GSM401590","1545",0.996266530416157,24.1216476275613,FALSE
"CRBLM","GSM401596","1652",0.996326136048616,24.0807550099805,FALSE
"TCTX","GSM401972","4782",0.996184542936643,24.0603652122517,FALSE
"CRBLM","GSM401628","1158",0.996218252531944,24.0272289540344,FALSE
"PONS","GSM401903","5079",0.996418243544034,23.7223609119516,FALSE
"TCTX","GSM402008","994",0.996266783838611,23.6443056768978,FALSE
"CRBLM","GSM401647","1064",0.996402447116538,23.6256266128432,FALSE
"PONS","GSM401847","1502",0.996222539866711,23.5960491150397,FALSE
"TCTX","GSM401956","1830",0.996452299198746,23.580558318598,FALSE
"CRBLM","GSM401551","1909",0.996588821709884,23.5569347950323,FALSE
"FCTX","GSM401669","1079",0.996273987651406,23.5099082240534,FALSE
"TCTX","GSM402033","1603",0.996251824375689,23.4762309071719,FALSE
"CRBLM","GSM401538","5028",0.996288627200387,23.4576366147658,FALSE
"CRBLM","GSM401550","827",0.996400633486991,23.4111384352608,FALSE
"CRBLM","GSM401657","1486",0.997031329012609,23.2497896981123,FALSE
"CRBLM","GSM401559","4636",0.996346288506174,23.2421819539,FALSE
"TCTX","GSM402044","4590",0.99687796774294,23.1952768820061,FALSE
"PONS","GSM401920","1827",0.996240430853828,23.1062444888866,FALSE
"PONS","GSM401845","5086",0.996254102325473,23.0646107633945,FALSE
"PONS","GSM401816","1079",0.996262654968688,23.0380157309831,FALSE
"CRBLM","GSM401592","1612",0.996381605115609,23.0218669991464,FALSE
"FCTX","GSM401748","1849",0.996362361563588,22.9875184598812,FALSE
"FCTX","GSM401743","1584",0.996968898676818,22.8502144260577,FALSE
"CRBLM","GSM401618","1344",0.996518828888789,22.753068762674,FALSE
"TCTX","GSM401959","5024",0.996437131451421,22.7474033105626,FALSE
"CRBLM","GSM401587","1936",0.996452667487894,22.718535420972,FALSE
"TCTX","GSM401991","1866",0.996406524545177,22.6016851826215,FALSE
"PONS","GSM401881","1849",0.996371472799786,22.471083680821,FALSE
"FCTX","GSM401686","4545",0.996583710076591,22.2873416587894,FALSE
"CRBLM","GSM401648","1917",0.996693407994165,22.2696383354457,FALSE
"TCTX","GSM401932","4725",0.996447115418976,22.2509432199968,FALSE
"CRBLM","GSM401615","1712",0.996942808750635,22.2397054411126,FALSE
"TCTX","GSM401970","995",0.996530284611185,22.234779976449,FALSE
"CRBLM","GSM401624","1613",0.996586800048755,22.1892508952201,FALSE
"FCTX","GSM401675","4782",0.996648625914098,22.1535552716351,FALSE
"PONS","GSM401889","1940",0.996610221630625,22.1049244426513,FALSE
"FCTX","GSM401754","1846",0.996522969108444,22.0454967992015,FALSE
"PONS","GSM401844","1326",0.996533012615688,22.0354917579396,FALSE
"PONS","GSM401842","604",0.99653954629449,21.9754074423966,FALSE
"FCTX","GSM401778","1775",0.9968379579631,21.9059387348173,FALSE
"PONS","GSM401839","4729",0.996546242316924,21.8949730144197,FALSE
"CRBLM","GSM401575","1578",0.997005795584234,21.7866280424519,FALSE
"CRBLM","GSM401639","705",0.996659225540924,21.7618181829118,FALSE
"TCTX","GSM402047","4545",0.997173058179812,21.7536384136439,FALSE
"CRBLM","GSM401593","1935",0.996600371355471,21.7418776162459,FALSE
"CRBLM","GSM401569","1883",0.996784353929793,21.7407083629261,FALSE
"PONS","GSM401830","4788",0.996508264780205,21.7377298333587,FALSE
"CRBLM","GSM401613","1668",0.996941880223989,21.677439763497,FALSE
"PONS","GSM401898","4636",0.996771874322825,21.6639993259784,FALSE
"CRBLM","GSM401637","5081",0.996791349836724,21.6023148379493,FALSE
"PONS","GSM401930","1579",0.996799246442773,21.5825754305605,FALSE
"CRBLM","GSM401612","1940",0.996617581356002,21.5540097613874,FALSE
"TCTX","GSM402052","1579",0.996613987754761,21.5205952036442,FALSE
"CRBLM","GSM401599","5078",0.996778872892168,21.4730516166778,FALSE
"TCTX","GSM401987","1849",0.996751510612656,21.4211419716686,FALSE
"TCTX","GSM402001","4915",0.996714187474058,21.3997477389904,FALSE
"PONS","GSM401812","880",0.996829183529182,21.3838019473009,FALSE
"CRBLM","GSM401591","1795",0.996758737905578,21.3795218467503,FALSE
"TCTX","GSM401984","1541",0.996702835776995,21.3777656514355,FALSE
"PONS","GSM401809","813",0.996557702288976,21.3705835080325,FALSE
"PONS","GSM401820","827",0.996615851643767,21.314548447014,FALSE
"FCTX","GSM401663","4789",0.99674349184859,21.2323330887016,FALSE
"TCTX","GSM402007","914",0.996829882119233,21.2149515165948,FALSE
"TCTX","GSM402043","813",0.996835586270761,21.1855122277594,FALSE
"FCTX","GSM401680","1579",0.996686597625747,21.1262073046784,FALSE
"TCTX","GSM402038","4540",0.996662523539143,21.0762309021965,FALSE
"CRBLM","GSM401655","712",0.997070749926319,21.0389838598201,FALSE
"CRBLM","GSM401645","1209",0.996999330259255,21.0321057545669,FALSE
"CRBLM","GSM401643","1114",0.997158374586075,20.9412413893515,FALSE
"PONS","GSM401883","1583",0.996655547467177,20.9093176531113,FALSE
"TCTX","GSM401980","1846",0.996704925579355,20.8883203736652,FALSE
"CRBLM","GSM401646","602",0.996726490972564,20.8873650827498,FALSE
"FCTX","GSM401776","1795",0.997113000567027,20.8491661315852,FALSE
"PONS","GSM401835","1136",0.99667393006016,20.8052804532093,FALSE
"PONS","GSM401856","1584",0.996706103519504,20.7797939219391,FALSE
"PONS","GSM401901","1028",0.996695560436904,20.749749339185,FALSE
"PONS","GSM401918","1792",0.996949622294231,20.7196773860078,FALSE
"PONS","GSM401922","1640",0.996805883930694,20.6718523037272,FALSE
"TCTX","GSM401943","1206",0.997044270526458,20.6436484249093,FALSE
"FCTX","GSM401706","4924",0.996779409816161,20.5308397107391,FALSE
"CRBLM","GSM401601","1775",0.996940241266863,20.4888881799159,FALSE
"PONS","GSM401851","995",0.996744083603677,20.4706711059001,FALSE
"CRBLM","GSM401614","1903",0.997084607254432,20.4610203723634,FALSE
"PONS","GSM401852","1105",0.996747755366076,20.4496214186614,FALSE
"CRBLM","GSM401540","1867",0.997006693074368,20.3743280073389,FALSE
"PONS","GSM401860","1840",0.996675228035991,20.3056058338631,FALSE
"TCTX","GSM401983","1498",0.996938098663782,20.2475967087142,FALSE
"PONS","GSM401906","2102",0.996720616507243,20.1995073375373,FALSE
"TCTX","GSM401952","4786",0.996900370416406,20.1813968018825,FALSE
"CRBLM","GSM401578","1226",0.996886234753929,20.090627990216,FALSE
"FCTX","GSM401684","1917",0.996973248362699,20.0761092992381,FALSE
"CRBLM","GSM401642","4729",0.996928405867198,20.0754981295041,FALSE
"CRBLM","GSM401548","1079",0.997071680869704,20.0738669800815,FALSE
"PONS","GSM401865","1805",0.996957318907156,20.0034641191673,FALSE
"CRBLM","GSM401610","1902",0.996881829152681,19.9978721725546,FALSE
"FCTX","GSM401721","819",0.996859888105777,19.9970214591092,FALSE
"FCTX","GSM401689","4549",0.997230685249135,19.9709202349669,FALSE
"PONS","GSM401838","384",0.996967078500844,19.9384756998335,FALSE
"PONS","GSM401858","1865",0.996765281657056,19.925574237147,FALSE
"FCTX","GSM401787","4590",0.997531900121985,19.8705064289292,FALSE
"PONS","GSM401869","4841",0.996757547218591,19.8487451222636,FALSE
"TCTX","GSM401986","1230",0.997091625885934,19.7412109699527,FALSE
"FCTX","GSM401681","1578",0.99723678904784,19.6956610795203,FALSE
"PONS","GSM401840","705",0.997063851452411,19.6911275918979,FALSE
"PONS","GSM401885","1713",0.996784597418667,19.6830157431351,FALSE
"FCTX","GSM401764","1613",0.996936932510009,19.6548536068037,FALSE
"CRBLM","GSM401589","2102",0.99698908619035,19.6502601604254,FALSE
"FCTX","GSM401775","1672",0.997157215692537,19.5074243054707,FALSE
"FCTX","GSM401749","1847",0.996960518645859,19.4946542418177,FALSE
"CRBLM","GSM401568","1454",0.99718861119683,19.4909249233921,FALSE
"FCTX","GSM401736","1595",0.996894018427094,19.4840429258482,FALSE
"TCTX","GSM401935","4789",0.996912993328137,19.3306563507402,FALSE
"TCTX","GSM401963","5081",0.99696971047863,19.3258117845262,FALSE
"PONS","GSM401837","4782",0.996974611323307,19.3145747083055,FALSE
"PONS","GSM401924","1496",0.996909657717261,19.2972651392275,FALSE
"TCTX","GSM402024","4542",0.99747579088695,19.2004410710632,FALSE
"FCTX","GSM401739","1924",0.997034760830861,19.0614357329065,FALSE
"PONS","GSM401926","1825",0.996990470409769,19.0563417050451,FALSE
"TCTX","GSM401969","4924",0.997000888366418,19.0485610279085,FALSE
"CRBLM","GSM401541","813",0.997057428884091,19.0247185833284,FALSE
"TCTX","GSM401966","4788",0.996992854694583,19.0122089766779,FALSE
"PONS","GSM401807","4725",0.997024441525624,18.9349587599128,FALSE
"FCTX","GSM401723","1065",0.997152394321234,18.8990462476093,FALSE
"TCTX","GSM402000","1847",0.997089057373881,18.8747169687147,FALSE
"CRBLM","GSM401571","4540",0.997308907234031,18.8738671264021,FALSE
"TCTX","GSM401993","1865",0.997043613215407,18.8313161265332,FALSE
"PONS","GSM401893","2020",0.997277693461054,18.8235046775087,FALSE
"TCTX","GSM401945","1652",0.997161190914088,18.793007955659,FALSE
"FCTX","GSM401745","1866",0.997094436457769,18.7591281335844,FALSE
"PONS","GSM401825","4786",0.997213307593425,18.6520715368995,FALSE
"FCTX","GSM401725","1570",0.997208950678024,18.5501454538126,FALSE
"TCTX","GSM401934","827",0.997103209890136,18.5420149598155,FALSE
"FCTX","GSM401711","1502",0.997136829667099,18.5177310855338,FALSE
"CRBLM","GSM401609","1556",0.997286454142378,18.5113786421432,FALSE
"FCTX","GSM401786","1544",0.997312672790754,18.480666852945,FALSE
"PONS","GSM401857","1866",0.997001062661492,18.4569965124073,FALSE
"PONS","GSM401913","1648",0.997002789631545,18.4352541865024,FALSE
"TCTX","GSM402019","4263",0.99731546504106,18.4114225002384,FALSE
"TCTX","GSM402022","1839",0.997190568336735,18.3873264064798,FALSE
"CRBLM","GSM401572","4590",0.997319624332183,18.3083389138418,FALSE
"PONS","GSM401921","879",0.997065081919742,18.2673955058136,FALSE
"CRBLM","GSM401549","1206",0.997223894797106,18.2083211553137,FALSE
"PONS","GSM401814","1571",0.997084945429351,18.0521817587602,FALSE
"CRBLM","GSM401602","994",0.997287976809957,17.9247970376255,FALSE
"FCTX","GSM401678","4263",0.997187546777451,17.9135724315563,FALSE
"PONS","GSM401897","1545",0.997302601358304,17.8354874742446,FALSE
"FCTX","GSM401691","1827",0.997235914608156,17.795474741397,FALSE
"CRBLM","GSM401627","2037",0.997393652029465,17.7927211810408,FALSE
"PONS","GSM401867","1862",0.997105619970672,17.671064393324,FALSE
"PONS","GSM401917","2069",0.997252255509765,17.6588381015531,FALSE
"CRBLM","GSM401561","914",0.997238838660438,17.5508626045949,FALSE
"TCTX","GSM401946","1568",0.997432300285723,17.5057443080132,FALSE
"PONS","GSM401832","1134",0.997172988646594,17.5046227637946,FALSE
"PONS","GSM401925","1917",0.997223987935485,17.4719473167408,FALSE
"FCTX","GSM401714","995",0.997597179339762,17.4687320540294,FALSE
"CRBLM","GSM401539","4725",0.997250905699074,17.4676985065848,FALSE
"PONS","GSM401829","1595",0.997264786890436,17.3633154598104,FALSE
"CRBLM","GSM401543","871",0.99737289536749,17.3313005421742,FALSE
"CRBLM","GSM401644","1496",0.997320755199499,17.2406352163285,FALSE
"TCTX","GSM401998","1613",0.997279132603351,17.2363679156464,FALSE
"TCTX","GSM402016","1545",0.997278836747122,17.1977013511409,FALSE
"CRBLM","GSM401573","713",0.997551161246939,17.163617697321,FALSE
"TCTX","GSM401949","5086",0.997363960739863,17.138344283397,FALSE
"FCTX","GSM401780","1830",0.997509658359332,17.1329818009517,FALSE
"CRBLM","GSM401567","1648",0.997541592417746,17.1312471031893,FALSE
"TCTX","GSM401961","5087",0.997319028294264,17.1242445289234,FALSE
"CRBLM","GSM401649","2093",0.997435881236676,17.1118994022582,FALSE
"CRBLM","GSM401626","1847",0.99733629525967,17.0990381107562,FALSE
"TCTX","GSM401939","1571",0.997323760720259,17.0982109981781,FALSE
"FCTX","GSM401747","1498",0.997286192000166,17.0815676458445,FALSE
"PONS","GSM401815","4543",0.997237941917051,17.0577829348767,FALSE
"TCTX","GSM402013","1612",0.99742716110049,17.0428382730989,FALSE
"FCTX","GSM401666","1076",0.9972876859676,17.0234943468207,FALSE
"PONS","GSM401862","1361",0.997235667213938,16.9962266489074,FALSE
"TCTX","GSM401997","1805",0.99731476438338,16.994014332471,FALSE
"CRBLM","GSM401604","1133",0.997343030133722,16.9821484912466,FALSE
"FCTX","GSM401755","1713",0.997409714842182,16.9752086427064,FALSE
"PONS","GSM401915","2093",0.997473414274073,16.9575702182179,FALSE
"CRBLM","GSM401622","1611",0.997326553843454,16.9201789100748,FALSE
"PONS","GSM401900","1889",0.997274136916828,16.906013179776,FALSE
"PONS","GSM401919","710",0.997249095036701,16.8935246711969,FALSE
"FCTX","GSM401709","602",0.997637634808533,16.8642254011682,FALSE
"CRBLM","GSM401605","1595",0.997410079209966,16.8279449053953,FALSE
"CRBLM","GSM401654","2069",0.997682990903084,16.8202058785337,FALSE
"PONS","GSM401863","1541",0.997414911713221,16.8106940756394,FALSE
"TCTX","GSM402006","993",0.997329769686956,16.7464205169568,FALSE
"TCTX","GSM401973","602",0.997359805696769,16.7429588100981,FALSE
"CRBLM","GSM401546","1571",0.997394314222083,16.6540226901759,FALSE
"TCTX","GSM402049","710",0.997439230538375,16.5865440496222,FALSE
"TCTX","GSM401962","1104",0.997423802175256,16.5384451876515,FALSE
"FCTX","GSM401667","1571",0.997419589775268,16.5122261006044,FALSE
"CRBLM","GSM401640","1827",0.997443143511702,16.4322318196634,FALSE
"CRBLM","GSM401565","1579",0.997550410222698,16.3907577307297,FALSE
"PONS","GSM401822","933",0.997389033046816,16.3560867026707,FALSE
"PONS","GSM401810","4789",0.997334747452171,16.355053163528,FALSE
"TCTX","GSM401950","4729",0.997535897052583,16.3087266695335,FALSE
"TCTX","GSM402055","1792",0.997452391402067,16.3018853916614,FALSE
"TCTX","GSM401995","1715",0.997410880138178,16.301605026829,FALSE
"PONS","GSM401887","927",0.997331614818482,16.2879285026535,FALSE
"PONS","GSM401916","1544",0.99747310592941,16.2704493694327,FALSE
"CRBLM","GSM401545","4640",0.997502747352498,16.2422703193156,FALSE
"FCTX","GSM401751","1862",0.997415337402547,16.236991819412,FALSE
"FCTX","GSM401679","1903",0.997695043489862,16.1777615198924,FALSE
"CRBLM","GSM401566","1603",0.997696851270517,16.1623622269878,FALSE
"FCTX","GSM401762","1206",0.997598805563314,16.0833902933216,FALSE
"TCTX","GSM402032","2093",0.99746965017464,16.0789135493669,FALSE
"TCTX","GSM401937","880",0.997446358882242,16.0765221752713,FALSE
"CRBLM","GSM401584","1846",0.997525619439846,15.9911205399958,FALSE
"FCTX","GSM401733","1712",0.997513083599006,15.9685679536208,FALSE
"TCTX","GSM401968","705",0.997684599361306,15.9606108622699,FALSE
"TCTX","GSM401964","1105",0.997560228312424,15.9536657242113,FALSE
"PONS","GSM401808","1556",0.997484417893781,15.9417848041333,FALSE
"CRBLM","GSM401650","2066",0.997708024016717,15.8309296514483,FALSE
"CRBLM","GSM401574","1105",0.997684162644073,15.7404687092911,FALSE
"PONS","GSM401880","2066",0.997457633856847,15.7313324939056,FALSE
"FCTX","GSM401694","1486",0.997653033509714,15.7160481334362,FALSE
"TCTX","GSM401994","1862",0.997499245934344,15.7131995314284,FALSE
"CRBLM","GSM401625","1713",0.997620332765198,15.7002838965413,FALSE
"TCTX","GSM402018","1936",0.997557337308333,15.6423034963591,FALSE
"TCTX","GSM402037","2037",0.997673293641762,15.6294593794266,FALSE
"FCTX","GSM401685","1568",0.99755590666807,15.450281319659,FALSE
"PONS","GSM401914","4598",0.997689835326025,15.4049320653873,FALSE
"TCTX","GSM401957","604",0.997570872756343,15.393452510404,FALSE
"FCTX","GSM401717","1648",0.997584210878806,15.3711508708408,FALSE
"CRBLM","GSM401556","879",0.997664210402335,15.3240948126755,FALSE
"FCTX","GSM401708","4786",0.997912026258965,15.2857225065152,FALSE
"FCTX","GSM401695","1136",0.997693037057695,15.2733096000814,FALSE
"TCTX","GSM401951","4727",0.99759249142738,15.2660793639991,FALSE
"FCTX","GSM401753","1230",0.997599553260934,15.2509554558796,FALSE
"FCTX","GSM401659","5028",0.997773545395084,15.2351428636551,FALSE
"TCTX","GSM402051","933",0.997644606061379,15.1917022814042,FALSE
"FCTX","GSM401759","1361",0.997600608136665,15.1443477053019,FALSE
"TCTX","GSM402045","1883",0.997640424013804,15.128917201972,FALSE
"CRBLM","GSM401553","1568",0.997630826939185,15.1018724683631,FALSE
"FCTX","GSM401704","142",0.997707117293546,15.0967522340351,FALSE
"CRBLM","GSM401651","1078",0.997770848814308,15.0622055834147,FALSE
"CRBLM","GSM401558","745",0.997638553605497,15.0181466532625,FALSE
"CRBLM","GSM401582","1889",0.997784052912034,14.9851928100751,FALSE
"FCTX","GSM401692","1105",0.997660728987787,14.9632817281502,FALSE
"TCTX","GSM401944","1909",0.997651214197226,14.8875501677861,FALSE
"TCTX","GSM402012","719",0.997640544439697,14.8866920826112,FALSE
"FCTX","GSM401757","1865",0.997722117629497,14.8655231163694,FALSE
"PONS","GSM401886","1611",0.997588289372981,14.8171384561544,FALSE
"FCTX","GSM401720","994",0.997640734038156,14.7885006490182,FALSE
"CRBLM","GSM401555","4782",0.997688874415797,14.7361135792967,FALSE
"TCTX","GSM401933","1867",0.997657369636417,14.6740069229673,FALSE
"CRBLM","GSM401600","993",0.997706966252524,14.6663957399826,FALSE
"TCTX","GSM402035","1486",0.997750339657515,14.6406623945103,FALSE
"PONS","GSM401831","1104",0.997770978425137,14.6214917078281,FALSE
"TCTX","GSM401999","1158",0.997792753348719,14.5541126651911,FALSE
"CRBLM","GSM401653","1825",0.998006669135913,14.5462230356018,FALSE
"TCTX","GSM401941","1079",0.99773004347681,14.5377475421702,FALSE
"FCTX","GSM401693","1114",0.997842673576819,14.5230810547855,FALSE
"TCTX","GSM401978","1903",0.99769681904798,14.4869668745192,FALSE
"TCTX","GSM401977","1840",0.997776961134959,14.3839816820171,FALSE
"FCTX","GSM401784","1792",0.997815739939654,14.3626986198458,FALSE
"TCTX","GSM402030","1465",0.997857038444029,14.3450276342643,FALSE
"FCTX","GSM401735","1939",0.997775362220366,14.340948354515,FALSE
"FCTX","GSM401662","813",0.997793316370459,14.3347669404683,FALSE
"FCTX","GSM401710","384",0.997723683070974,14.3064440820099,FALSE
"PONS","GSM401813","1076",0.99783393556746,14.2233915430357,FALSE
"TCTX","GSM401942","1838",0.997752667036951,14.2199209089844,FALSE
"FCTX","GSM401673","5081",0.997758854344672,14.2140513554923,FALSE
"PONS","GSM401902","1924",0.997726731668535,14.1149852280485,FALSE
"FCTX","GSM401705","1226",0.997878616810767,14.0659649340486,FALSE
"FCTX","GSM401700","1465",0.997830398816871,14.0219406961349,FALSE
"FCTX","GSM401761","4726",0.997774422800106,13.9820234270332,FALSE
"TCTX","GSM401938","1076",0.997776063026483,13.9327734454212,FALSE
"PONS","GSM401819","1568",0.99778439368595,13.9180857177606,FALSE
"FCTX","GSM401726","1640",0.997802194323897,13.8959360051068,FALSE
"FCTX","GSM401676","1652",0.997853484121179,13.8649608904007,FALSE
"PONS","GSM401821","1578",0.997805327947386,13.7651648961037,FALSE
"FCTX","GSM401728","1902",0.997835503683895,13.7100307715723,FALSE
"TCTX","GSM401931","5028",0.997841037463763,13.6897123796336,FALSE
"TCTX","GSM402023","1902",0.99790120692906,13.4782328602975,FALSE
"PONS","GSM401905","1710",0.997796885957833,13.444991003606,FALSE
"FCTX","GSM401740","1603",0.997853068308554,13.4390442057492,FALSE
"PONS","GSM401826","1902",0.997915232758903,13.4339571783341,FALSE
"PONS","GSM401827","1775",0.997844805590034,13.4110826365973,FALSE
"PONS","GSM401806","5028",0.997889429908061,13.3784783194648,FALSE
"TCTX","GSM401981","1713",0.997953613647283,13.2049301663337,FALSE
"TCTX","GSM401967","1209",0.997954744472674,13.1353021061547,FALSE
"TCTX","GSM401948","745",0.997916496695882,13.095741037008,FALSE
"TCTX","GSM401971","1827",0.997948399667057,13.0282074781891,FALSE
"TCTX","GSM402050","879",0.997932830300756,12.9556021032631,FALSE
"TCTX","GSM402053","1825",0.998033991558135,12.9117611965939,FALSE
"FCTX","GSM401672","879",0.997944270610269,12.8802130142498,FALSE
"TCTX","GSM401947","2102",0.997972550782578,12.8536641996628,FALSE
"FCTX","GSM401750","4916",0.997967026641997,12.7785649449695,FALSE
"PONS","GSM401811","871",0.997910715056227,12.7530998028119,FALSE
"CRBLM","GSM401638","1136",0.99808769137314,12.6903376757046,FALSE
"FCTX","GSM401713","4729",0.998013845206752,12.6346046248536,FALSE
"FCTX","GSM401677","1961",0.99805574770003,12.5174867287042,FALSE
"FCTX","GSM401703","5087",0.998030627178248,12.4608094781375,FALSE
"FCTX","GSM401701","5086",0.998105735260205,12.4474526825745,FALSE
"FCTX","GSM401671","927",0.998051786045661,12.2516351243955,FALSE
"TCTX","GSM402048","927",0.998189223990557,11.9766931458193,FALSE
"FCTX","GSM401674","713",0.998144292883416,11.8748560751171,FALSE
"TCTX","GSM402010","1133",0.998155422962746,11.7661588054054,FALSE
"FCTX","GSM401760","4636",0.998187996499488,11.563279624248,FALSE
"TCTX","GSM402031","1454",0.998185490674399,11.5406982854308,FALSE
"FCTX","GSM401660","4725",0.998231867015213,11.2257980792841,FALSE
"TCTX","GSM401965","1326",0.998322794092865,11.1221495011938,FALSE
"TCTX","GSM401974","4549",0.99839870633315,10.9231851811644,FALSE
"PONS","GSM401861","1603",0.998302392936321,10.6054017238905,FALSE
"PONS","GSM401896","1614",0.998333493742903,10.2386149627245,FALSE
